z-score,corr thresholds,corr selection method,total sr,in-sample sr,out-sample sr
1.0,"(0.9, 0.8)",MAX CORR,-0.6507426991672144,-1.6229778432776298,0.841229998195887
1.0,"(0.9, 0.8)",MIN CORR,-0.2527025408267335,-1.256010930552529,1.0304961438357902
1.0,"(0.95, 0.9)",MAX CORR,-0.20698796239679085,-0.6801779684326995,0.4429452626398012
